{"0.75": {"ndcg": 0.5434127428189125, "precision": 0.11877022653721686, "recall": 0.6925566343042071, "map": 0.4788510042636257}, "0.8": {"ndcg": 0.4817884652903675, "precision": 0.1104868913857678, "recall": 0.6704119850187266, "map": 0.4052092622317341}, "0.85": {"ndcg": 0.5208516280471529, "precision": 0.12322834645669292, "recall": 0.8362860892388451, "map": 0.4087936924551098}, "0.9": {"ndcg": 0.5141007770866458, "precision": 0.12017937219730944, "recall": 0.8878923766816144, "map": 0.38672592355327784}, "0.95": {"ndcg": 0.4365299421533395, "precision": 0.10103626943005181, "recall": 0.7392055267702936, "map": 0.3310305123776627}}