{"0.75": {"map": [0.9487179487179487, 0.9647435897435895, 0.9494658119658118, 0.9529914529914529, 0.9455128205128205, 0.9690170940170939, 0.9326923076923077, 0.9561965811965811, 0.9508547008547007, 0.9284188034188035, 0.9678418803418802, 0.9676434676434675, 0.9508547008547007, 0.9181623931623931, 0.9626068376068375, 0.9754273504273504, 0.9608262108262108, 0.9586894586894587, 0.9535256410256411, 0.9658119658119659], "ndcgs": [0.9566126121387549, 0.9683701023322262, 0.9593695395978786, 0.9597080017833637, 0.9531326581208256, 0.9704285436361187, 0.9408739882597852, 0.9629430732649507, 0.9580294151991142, 0.93793674357329, 0.975502185785318, 0.9728715881545253, 0.9536776000927504, 0.9332642879708822, 0.9656968738101119, 0.9822198358046853, 0.9682990305281396, 0.9698410216778911, 0.9643065472069348, 0.9710648717223405], "precisions": [0.19230769230769226, 0.19230769230769226, 0.1935897435897435, 0.19230769230769226, 0.19230769230769226, 0.19230769230769226, 0.19102564102564099, 0.19230769230769226, 0.19230769230769226, 0.19102564102564099, 0.19487179487179482, 0.19358974358974354, 0.19102564102564099, 0.19102564102564099, 0.19230769230769226, 0.19487179487179482, 0.19358974358974354, 0.19487179487179482, 0.1935897435897435, 0.1935897435897435], "recalls": [0.9743589743589743, 0.9743589743589743, 0.9871794871794872, 0.9743589743589743, 0.9743589743589743, 0.9743589743589743, 0.9615384615384616, 0.9743589743589743, 0.9743589743589743, 0.9615384615384616, 1.0, 0.9871794871794872, 0.9615384615384616, 0.9615384615384616, 0.9743589743589743, 1.0, 0.9871794871794872, 1.0, 0.9871794871794872, 0.9871794871794872]}, "0.8": {"map": [0.7048789173789175, 0.7299501424501426, 0.729059829059829, 0.7184829059829061, 0.7341880341880342, 0.7248931623931624, 0.7519586894586895, 0.6857905982905982, 0.6998575498575498, 0.7253561253561254, 0.7094017094017093, 0.6682692307692307, 0.72245115995116, 0.7461538461538462, 0.7078144078144079, 0.6873931623931623, 0.7163461538461539, 0.7131410256410257, 0.7243589743589742, 0.6752136752136751], "ndcgs": [0.7928570152108154, 0.8057956690418875, 0.8062665827256014, 0.8024297691216525, 0.8082939641087354, 0.7986168018411376, 0.8210872431487635, 0.7691553998786663, 0.7803726253352135, 0.8040306221983645, 0.7863787285293748, 0.754872602855257, 0.7989072886922904, 0.8157805555670333, 0.78755453372482, 0.7708843062018138, 0.7888401903079889, 0.7904371804857475, 0.7965520887499796, 0.7609127401783949], "precisions": [0.18333333333333326, 0.1807692307692307, 0.17820512820512815, 0.1807692307692307, 0.17820512820512815, 0.17820512820512815, 0.17948717948717943, 0.17820512820512815, 0.17948717948717946, 0.18205128205128202, 0.1769230769230769, 0.17948717948717946, 0.17820512820512815, 0.17948717948717943, 0.17948717948717943, 0.17948717948717946, 0.1769230769230769, 0.17820512820512815, 0.1756410256410256, 0.1769230769230769], "recalls": [1.0, 0.9871794871794872, 0.9615384615384616, 0.9871794871794872, 0.9615384615384616, 0.9615384615384616, 0.967948717948718, 0.9615384615384616, 0.967948717948718, 0.9871794871794872, 0.9487179487179487, 0.967948717948718, 0.9615384615384616, 0.967948717948718, 0.9743589743589743, 0.9615384615384616, 0.9487179487179487, 0.9615384615384616, 0.9487179487179487, 0.9487179487179487]}, "0.85": {"map": [0.6045454545454545, 0.548051948051948, 0.5493506493506494, 0.6036796536796537, 0.6463203463203463, 0.5773809523809524, 0.5898989898989899, 0.6332405689548547, 0.5938466295609152, 0.5884559884559885, 0.5812770562770563, 0.6000515357658215, 0.53001443001443, 0.5911255411255412, 0.5799474335188621, 0.5751082251082251, 0.5792207792207792, 0.5647340754483612, 0.5827200577200576, 0.6016388373531231], "ndcgs": [0.7058993683109217, 0.6635861564190476, 0.6614595853939008, 0.6989233013383406, 0.7335979450168103, 0.68844667315564, 0.699997125831119, 0.73060436433065, 0.6986852582702814, 0.6960584356683285, 0.683776088969629, 0.7088232297829813, 0.6441906760560792, 0.6948328118475844, 0.6874865221577995, 0.6861906440082722, 0.6868291884679452, 0.6800421444397091, 0.6885788657965187, 0.7066922064579682], "precisions": [0.14155844155844152, 0.14285714285714282, 0.14155844155844152, 0.14025974025974022, 0.14025974025974025, 0.14285714285714282, 0.1441558441558441, 0.14155844155844152, 0.14285714285714282, 0.14285714285714282, 0.14155844155844152, 0.1441558441558441, 0.14155844155844152, 0.14155844155844152, 0.14285714285714282, 0.14285714285714282, 0.14155844155844152, 0.14285714285714282, 0.14155844155844155, 0.14285714285714282], "recalls": [0.974025974025974, 0.987012987012987, 0.974025974025974, 0.961038961038961, 0.9675324675324676, 0.987012987012987, 1.0, 0.9805194805194806, 0.987012987012987, 0.987012987012987, 0.974025974025974, 1.0, 0.974025974025974, 0.974025974025974, 0.9935064935064936, 0.987012987012987, 0.974025974025974, 0.987012987012987, 0.974025974025974, 0.987012987012987]}, "0.9": {"map": [0.4720657276995306, 0.4642186452045608, 0.4865191146881288, 0.4849765258215963, 0.4537726358148893, 0.44882629107981215, 0.4863849765258217, 0.48255086071987485, 0.44708249496981894, 0.46596244131455394, 0.4230046948356807, 0.4560026827632462, 0.4776995305164319, 0.4957746478873239, 0.38158953722334, 0.5111893583724569, 0.4550860719874804, 0.42126089872568745, 0.5637491616364856, 0.4582159624413145], "ndcgs": [0.5961409289034905, 0.5856633687941959, 0.6108726004073787, 0.6059239233925892, 0.5901349979497139, 0.5780381340431131, 0.6148268477457022, 0.6042907545059752, 0.577376371290021, 0.5783046495338309, 0.5619695034488438, 0.5884512261350876, 0.6057356713442883, 0.6168859120260752, 0.5280374924076309, 0.6198877793990432, 0.5838296921918175, 0.5626587151208305, 0.6657637052726475, 0.5892069992811966], "precisions": [0.1084507042253521, 0.10563380281690139, 0.10985915492957744, 0.1084507042253521, 0.11126760563380278, 0.1084507042253521, 0.11126760563380278, 0.1084507042253521, 0.1084507042253521, 0.10281690140845069, 0.10985915492957744, 0.10985915492957744, 0.10985915492957744, 0.10985915492957744, 0.1084507042253521, 0.10563380281690139, 0.1084507042253521, 0.10985915492957744, 0.1084507042253521, 0.10985915492957744], "recalls": [0.971830985915493, 0.9436619718309859, 0.9859154929577465, 0.971830985915493, 1.0, 0.971830985915493, 1.0, 0.971830985915493, 0.971830985915493, 0.9154929577464789, 0.9859154929577465, 0.9859154929577465, 0.9859154929577465, 0.9859154929577465, 0.971830985915493, 0.9436619718309859, 0.971830985915493, 0.9859154929577465, 0.971830985915493, 0.9859154929577465]}, "0.95": {"map": [0.40850427350427343, 0.41578754578754584, 0.43963369963369964, 0.47294871794871796, 0.4937789987789988, 0.4848901098901099, 0.49012820512820515, 0.45576923076923076, 0.4632234432234431, 0.42668498168498165, 0.3992735042735042, 0.42493284493284494, 0.5017948717948718, 0.47399267399267403, 0.4399328449328449, 0.4507020757020757, 0.45386446886446885, 0.4122832722832723, 0.47897435897435897, 0.4062820512820513], "ndcgs": [0.5036381705230822, 0.5496646516879166, 0.5726370670176845, 0.6016733313780482, 0.6135977647492993, 0.6065292714622033, 0.6107495571088662, 0.5817532946620845, 0.5878421328523434, 0.5533089242902085, 0.5302159162470167, 0.551213434821283, 0.6240126317480151, 0.6029622217357677, 0.5538390586268378, 0.5692081836370205, 0.5721020908941663, 0.5466836427498417, 0.6066468865529354, 0.5397304049852971], "precisions": [0.08615384615384612, 0.1015384615384615, 0.10307692307692307, 0.1046153846153846, 0.10307692307692307, 0.10307692307692307, 0.10307692307692307, 0.10153846153846151, 0.10153846153846151, 0.09846153846153843, 0.09846153846153843, 0.09846153846153843, 0.1046153846153846, 0.1046153846153846, 0.09538461538461537, 0.09846153846153843, 0.09846153846153843, 0.1015384615384615, 0.1046153846153846, 0.09999999999999996],