{"0.75": {"map": 0.7661290322580645, "ndcg": 0.8359395314544075, "precision": 0.19193548387096765, "recall": 1.0}, "0.8": {"map": 0.6649999999999999, "ndcg": 0.7544653835350021, "precision": 0.1583333333333333, "recall": 0.9833333333333333}, "0.85": {"map": 0.6375000000000001, "ndcg": 0.7351765022364268, "precision": 0.13666666666666666, "recall": 1.0}, "0.9": {"map": 0.5095238095238095, "ndcg": 0.6361907041159406, "precision": 0.11964285714285713, "recall": 1.0}, "0.95": {"map": 0.4435897435897435, "ndcg": 0.5794270347674009, "precision": 0.10769230769230767, "recall": 1.0}}