{"0.75": [[0.85, 0.8421633554083886, 0.8197278911564626, 0.8266666666666667, 0.8006872852233677, 0.825503355704698, 0.802675585284281, 0.8223684210526315, 0.823728813559322, 0.8377483443708609, 0.834983498349835, 0.8131147540983606, 0.8372881355932204, 0.8233333333333334, 0.8133333333333334, 0.8361486486486487, 0.7827586206896552, 0.8249158249158249, 0.7983606557377049, 0.839041095890411], [0.85, 0.8443708609271523, 0.8180272108843537, 0.8266666666666667, 0.7923825887743413, 0.825503355704698, 0.7898550724637682, 0.8199013157894737, 0.823728813559322, 0.8377483443708609, 0.8322332233223323, 0.8131147540983606, 0.8372881355932204, 0.8205555555555556, 0.8061111111111111, 0.8378378378378378, 0.7732758620689655, 0.8193041526374859, 0.7934426229508197, 0.839041095890411], [0.85, 0.847682119205298, 0.8297651216651086, 0.8333333333333334, 0.8350515463917526, 0.8355704697986577, 0.8327759197324415, 0.8256578947368421, 0.823728813559322, 0.8443708609271523, 0.834983498349835, 0.839344262295082, 0.847457627118644, 0.8366666666666667, 0.8366666666666667, 0.8412162162162162, 0.8275862068965517, 0.835016835016835, 0.8262295081967214, 0.8424657534246576]], "0.8": [[0.8145454545454546, 0.84375, 0.7681159420289855, 0.8051470588235294, 0.8175182481751825, 0.8141263940520446, 0.8041044776119403, 0.8274647887323944, 0.8153310104529616, 0.8407407407407408, 0.8339622641509434, 0.8158844765342961, 0.8111111111111111, 0.8345588235294118, 0.821969696969697, 0.8327272727272728, 0.8407407407407408, 0.8618181818181818, 0.8284671532846716, 0.8248175182481752], [0.8106060606060606, 0.84375, 0.7542270531400966, 0.798406862745098, 0.8175182481751825, 0.8122676579925651, 0.8059701492537313, 0.8274647887323944, 0.8153310104529616, 0.837037037037037, 0.8339622641509434, 0.8122743682310469, 0.8111111111111111, 0.8345588235294118, 0.821969696969697, 0.8327272727272728, 0.8407407407407408, 0.86, 0.8223844282238443, 0.8226885644768857], [0.8327272727272728, 0.8472222222222222, 0.8333333333333334, 0.8382352941176471, 0.8284671532846716, 0.8141263940520446, 0.8097014925373134, 0.8345070422535211, 0.8222996515679443, 0.8407407407407408, 0.8415094339622642, 0.8267148014440433, 0.8185185185185185, 0.8382352941176471, 0.8257575757575758, 0.84, 0.8407407407407408, 0.8654545454545455, 0.8467153284671532, 0.8321167883211679]], "0.85": [[0.8247011952191236, 0.7972972972972973, 0.8228346456692913, 0.8450980392156863, 0.8244897959183674, 0.8174273858921162, 0.8072289156626506, 0.8260869565217391, 0.8554216867469879, 0.8452380952380952, 0.792156862745098, 0.8373983739837398, 0.8270042194092827, 0.8307086614173228, 0.83984375, 0.8145161290322581, 0.7983870967741935, 0.8305785123966942, 0.8319672131147541, 0.8393574297188755], [0.8247011952191236, 0.7940797940797941, 0.8228346456692913, 0.8470588235294118, 0.8224489795918367, 0.8174273858921162, 0.8072289156626506, 0.8260869565217391, 0.8554216867469879, 0.8432539682539683, 0.792156862745098, 0.8292682926829268, 0.8234880450070324, 0.8208661417322834, 0.8190104166666666, 0.8125, 0.7950268817204302, 0.8305785123966942, 0.8319672131147541, 0.8393574297188755], [0.8286852589641435, 0.8494208494208494, 0.8346456692913385, 0.8470588235294118, 0.8365344725287426, 0.8257261410788381, 0.8192771084337349, 0.8300395256916996, 0.8554216867469879, 0.8452380952380952, 0.807843137254902, 0.8536585365853658, 0.8310166488166326, 0.8659486053918973, 0.86328125, 0.8225806451612904, 0.8104838709677419, 0.8305785123966942, 0.8360655737704918, 0.8393574297188755]], "0.9": [[0.8125, 0.8116591928251121, 0.8093023255813954, 0.784688995215311, 0.8705357142857143, 0.8363636363636363, 0.8454545454545455, 0.8525345622119815, 0.8325892857142857, 0.8018867924528302, 0.8303571428571429, 0.7964601769911505, 0.7927927927927928, 0.8427947598253275, 0.8185654008438819, 0.8185840707964602, 0.8377192982456141, 0.820627802690583, 0.820627802690583, 0.8035714285714286], [0.8125, 0.8056801195814648, 0.8069767441860465, 0.7759170653907497, 0.8705357142857143, 0.8340909090909091, 0.8363636363636363, 0.8525345622119815, 0.8325892857142857, 0.7893081761006289, 0.8303571428571429, 0.7920353982300885, 0.7927927927927928, 0.8406113537117904, 0.8185654008438819, 0.8185840707964602, 0.8377192982456141, 0.820627802690583, 0.8183856502242153, 0.8035714285714286], [0.8214285714285714, 0.8251121076233184, 0.8186046511627907, 0.8229665071770335, 0.8703167221854551, 0.8409090909090909, 0.8454545454545455, 0.8571428571428571, 0.84375, 0.8254716981132075, 0.8348214285714286, 0.8185840707964602, 0.8018018018018018, 0.8471615720524017, 0.8227848101265823, 0.8185840707964602, 0.8421052631578947, 0.8295964125560538, 0.8251121076233184, 0.8169642857142857]], "0.95": [[0.8195876288659794, 0.7817258883248731, 0.8031914893617021, 0.8725490196078431, 0.8316831683168316, 0.8358974358974359, 0.8290155440414507, 0.8082901554404145, 0.8010204081632653, 0.8609625668449198, 0.8512820512820513, 0.821256038647343, 0.8009950248756219, 0.8393782383419689, 0.8606965174129353, 0.783068783068783, 0.8484848484848485, 0.7970297029702971, 0.8260869565217391, 0.8029556650246306], [0.8170103092783505, 0.774957698815567, 0.800531914893617, 0.8725490196078431, 0.8316831683168316, 0.8333333333333334, 0.8290155440414507, 0.8082901554404145, 0.8010204081632653, 0.8609625668449198, 0.8512820512820513, 0.821256038647343, 0.7960199004975125, 0.8393782383419689, 0.8606965174129353, 0.7760141093474427, 0.8434343434343434, 0.7920792079207921, 0.8260869565217391, 0.8004926108374384], [0.8195876288659794, 0.817258883248731, 0.8138297872340425, 0.8725490196078431, 0.8366336633663366, 0.8358974358974359, 0.8290155440414507, 0.8134715025906736, 0.8061224489795918, 0.8663101604278075, 0.8512820512820513, 0.8260869565217391, 0.8258706467661692, 0.8393782383419689, 0.8606965174129353, 0.8042328042328042, 0.8686868686868687, 0.7970297029702971, 0.8502415458937198, 0.8177339901477833]]}