{"0.75": [[0.147972972972973, 0.16700680272108845, 0.16225165562913907, 0.14305084745762714, 0.1632996632996633, 0.17458193979933112, 0.1724137931034483, 0.14638157894736842, 0.16678082191780824, 0.15858585858585858, 0.12979452054794524, 0.1696969696969697, 0.14203389830508475, 0.14790209790209793, 0.14496644295302014, 0.16375838926174496, 0.16326530612244897, 0.15704697986577182, 0.15521885521885523, 0.16655405405405405], [0.8653716216216217, 0.9163832199546486, 0.936534216335541, 0.8211864406779661, 0.9216049382716051, 0.987736900780379, 0.9512068965517242, 0.8555372807017543, 0.9315068493150684, 0.9065656565656566, 0.7323630136986301, 0.9538720538720538, 0.8387570621468927, 0.8132867132867133, 0.8330536912751678, 0.9337248322147651, 0.9261904761904762, 0.8968680089485458, 0.8937149270482602, 0.9526463963963965], [0.31690959594432977, 0.37764265847551737, 0.37878488526874304, 0.30517933232645245, 0.37759988162266156, 0.4456070897740678, 0.4595060983686304, 0.3461906882287592, 0.37763857882913915, 0.39691106827420264, 0.2677698130031503, 0.3942999423551182, 0.30342382396305395, 0.31773561669175027, 0.3206783063928153, 0.36693019221871026, 0.36647550509293036, 0.3812879943421468, 0.35708027659730496, 0.36615966937922984], [0.14199978996853996, 0.2004536497138538, 0.19867216791057854, 0.13824186171643799, 0.19910050683198832, 0.26325337102511015, 0.28902935139573066, 0.1794085038986355, 0.1959024380300065, 0.22759078884078882, 0.11812857867652388, 0.21139133842837546, 0.1337485427315936, 0.15526579901579904, 0.15454047707822877, 0.18328861279784098, 0.18460648148148148, 0.21159453677071127, 0.1821704701334331, 0.17739319676819676]], "0.8": [[0.1378277153558053, 0.15724907063197027, 0.14802867383512547, 0.13357400722021662, 0.15333333333333335, 0.14519572953736656, 0.15795454545454546, 0.10817843866171004, 0.1369175627240144, 0.15617977528089888, 0.11811594202898554, 0.14555160142348755, 0.13649635036496352, 0.15650557620817848, 0.13465703971119136, 0.15144927536231884, 0.14242424242424245, 0.12757352941176472, 0.15241635687732344, 0.15220588235294116], [0.8566791510611735, 0.9506195786864933, 0.9441457586618875, 0.8495186522262335, 0.9466666666666667, 0.9269276393831555, 0.9547348484848486, 0.6633209417596034, 0.8638590203106331, 0.9571161048689137, 0.741243961352657, 0.9317912218268092, 0.8451946472019465, 0.9532218091697646, 0.8567990373044524, 0.9507850241545894, 0.8620580808080808, 0.7980392156862745, 0.9318463444857497, 0.9641544117647058], [0.35280414259432097, 0.40632015748653094, 0.43026994656844875, 0.3202143993776426, 0.4305921734213638, 0.36148615822858543, 0.4610457346064537, 0.24026769214069182, 0.35793771228524557, 0.3986766265823806, 0.2743899431420538, 0.3763821127651507, 0.3364818686371146, 0.41105295156502525, 0.37465213699654204, 0.38433710978976887, 0.34873980192804843, 0.3180126023643859, 0.3529823486119171, 0.3891428946035111], [0.18948511780908786, 0.2268214384060109, 0.25783220496482145, 0.1522331098504384, 0.25938462669018225, 0.182032965222467, 0.2926414442039442, 0.10471044530988768, 0.19304334736682402, 0.21540462814339217, 0.1258927373284257, 0.19643727993372123, 0.17208705055420384, 0.23099304695029602, 0.21495592420682674, 0.2008781199677939, 0.18077421035754368, 0.1618102484049175, 0.16951181133337268, 0.2034156891923436]], "0.85": [[0.12610441767068273, 0.12620967741935485, 0.15000000000000005, 0.12962962962962968, 0.137603305785124, 0.1411016949152543, 0.12931726907630522, 0.09249011857707509, 0.11877551020408164, 0.1449392712550608, 0.12016129032258063, 0.1343220338983051, 0.12320000000000003, 0.1393700787401575, 0.12286821705426358, 0.13684210526315793, 0.12903225806451615, 0.1432773109243698, 0.14775510204081635, 0.14170040485829966], [0.8617804551539491, 0.8481182795698924, 0.955840455840456, 0.8788751714677641, 0.9249311294765841, 0.9152542372881356, 0.8848728246318608, 0.6334650856389986, 0.7947619047619047, 0.9568151147098515, 0.8222446236559141, 0.8562853107344632, 0.8463333333333333, 0.9658792650918635, 0.8540051679586562, 0.9237516869095816, 0.8830645161290323, 0.9159663865546218, 0.9789115646258504, 0.9439946018893388], [0.3331010408471937, 0.3474022506058764, 0.4756518499032676, 0.3304382329054998, 0.41566140655544853, 0.37591538351431086, 0.39333499230821634, 0.21671048095194628, 0.29290519730742526, 0.403968003759135, 0.3184599129910275, 0.3108670883342397, 0.32110578635673387, 0.4148143993147366, 0.420667659436665, 0.4552275602645338, 0.3592281580042549, 0.4237287642533658, 0.412999021172249, 0.37811009512101856], [0.1654673721340388, 0.1865120701058201, 0.31059218559218565, 0.1575726968885405, 0.24693389522934978, 0.20201046991301227, 0.23126181976583582, 0.08719942698203569, 0.13369455242414427, 0.22380805111068267, 0.15907658090117768, 0.13912653573670525, 0.1545297619047619, 0.23531902262217222, 0.2758447920511874, 0.2958408307092517, 0.1899748250554702, 0.25672324485349696, 0.2283639455782313, 0.1970295664374612]], "0.9": [[0.13, 0.12824074074074077, 0.1381642512077295, 0.12626728110599078, 0.1334928229665072, 0.13287671232876713, 0.1285714285714286, 0.09411764705882351, 0.12990654205607477, 0.1373831775700935, 0.09678899082568808, 0.11839622641509437, 0.11891891891891891, 0.13785046728971964, 0.12196261682242991, 0.13870967741935483, 0.1142857142857143, 0.11244019138755981, 0.14108910891089108, 0.134841628959276], [0.9208333333333333, 0.9158950617283951, 0.9605475040257648, 0.9062980030721965, 0.9421850079744816, 0.9619482496194824, 0.9389880952380952, 0.6900452488687783, 0.897196261682243, 0.9719626168224299, 0.7052752293577982, 0.8565251572327043, 0.8885135135135135, 0.954828660436137, 0.852803738317757, 0.9723502304147466, 0.8072916666666666, 0.7687400318979267, 0.9686468646864685, 0.9683257918552036], [0.38511444035887843, 0.4067936212141525, 0.44981424241343015, 0.3646715779521638, 0.38873220819459037, 0.4096158065347094, 0.4748610425046289, 0.2368654963334764, 0.3294078506741784, 0.42041257114344216, 0.26421400507048654, 0.3017517421954884, 0.3520360354809015, 0.3936566304305102, 0.3265678782946748, 0.47502152367652706, 0.3200918202610813, 0.2937022135528136, 0.38628388068690384, 0.4577787049275576], [0.21320752164502163, 0.2398610498726239, 0.2792778544590139, 0.19294857728037454, 0.21071238702817652, 0.23106578120847523, 0.3180921674225246, 0.09900763724293135, 0.15215673366958418, 0.24267696434752511, 0.12728174603174602, 0.13198500049915146, 0.18352048477048474, 0.21233372892251398, 0.16115839638035903, 0.3079319362153463, 0.16556270077475435, 0.1427717019822283, 0.2012461692597831, 0.2882738993033111]],