{"0.75": {"ndcg": [0.5323977673920466, 0.5221761687693056, 0.5588883074562107, 0.5962839355111728, 0.5485719071400009, 0.5943699786245233, 0.5480853238513557, 0.5399348868480138, 0.571366032518998, 0.5397593903289238, 0.5531259897521422, 0.5390673265724689, 0.537274569822988, 0.5767338492883863, 0.6132069685511378, 0.5861027772871858, 0.49104225695700177, 0.5289366034572759, 0.6102716302154826, 0.521113768257222], "precision": [0.14006849315068495, 0.12580645161290327, 0.13333333333333333, 0.12636986301369865, 0.12058823529411766, 0.11966101694915253, 0.12026143790849676, 0.12033333333333336, 0.12432432432432436, 0.12233333333333335, 0.11934426229508198, 0.11479099678456593, 0.13809523809523813, 0.12162162162162163, 0.12300000000000001, 0.12073578595317729, 0.12771929824561407, 0.1208754208754209, 0.12354948805460754, 0.12081911262798636], "recall": [0.7446347031963471, 0.6810035842293907, 0.7329931972789115, 0.684931506849315, 0.701797385620915, 0.6644067796610169, 0.6993464052287581, 0.68, 0.6925675675675675, 0.6866666666666666, 0.6754098360655738, 0.6816720257234726, 0.7544784580498866, 0.6993243243243243, 0.6966666666666667, 0.6923076923076923, 0.6842105263157895, 0.6868686868686869, 0.6774744027303754, 0.6791808873720137], "map": [0.43681919076610853, 0.45241537236160895, 0.48324856926897747, 0.5581756903674712, 0.4836906058719784, 0.563775221953188, 0.4853454715219421, 0.47862037037037036, 0.5152760349635349, 0.4781984126984127, 0.4995986208691127, 0.4751020772724953, 0.45543853255587957, 0.525886154011154, 0.5775703703703704, 0.540012342729734, 0.41302979671400725, 0.46085257335257335, 0.5821387940841866, 0.45617652635570727]}, "0.8": {"ndcg": [0.5022903768894555, 0.4758310779389847, 0.5216307796549144, 0.5237528998547101, 0.5314744085554819, 0.5652082450875693, 0.43950616724720765, 0.5468119692390035, 0.5234090363498232, 0.5047138248550702, 0.4209933562585411, 0.4864967146730143, 0.5318751036985835, 0.4847419044042889, 0.5240579832335457, 0.5329793484314597, 0.5109026633424043, 0.5273143561465886, 0.5219066698890191, 0.5075564710896501], "precision": [0.11286764705882356, 0.1176923076923077, 0.11198501872659176, 0.11705426356589148, 0.1158088235294118, 0.12334630350194553, 0.11029411764705885, 0.11345454545454546, 0.11099290780141846, 0.11187739463601534, 0.11218637992831543, 0.10915492957746478, 0.14343065693430662, 0.11391941391941393, 0.11704545454545456, 0.11111111111111112, 0.11712062256809337, 0.11596958174904944, 0.11538461538461539, 0.10909090909090909], "recall": [0.6853553921568627, 0.6934615384615385, 0.6816479400749064, 0.689922480620155, 0.6920955882352942, 0.7159533073929961, 0.6801470588235294, 0.6981818181818182, 0.7163120567375887, 0.657088122605364, 0.6953405017921147, 0.693075117370892, 0.8546228710462287, 0.6840659340659341, 0.7007575757575758, 0.6881720430107527, 0.6986381322957199, 0.6799746514575411, 0.7142857142857143, 0.6718181818181819], "map": [0.431749679038282, 0.39076938339438344, 0.45532459425717847, 0.4565399286329519, 0.4676514355742296, 0.5057086756016717, 0.35066161881419233, 0.48451948051948046, 0.44911699313295056, 0.4446347483224877, 0.3195831199863458, 0.403504359490275, 0.40933956571274094, 0.4058502674574103, 0.4533158970658971, 0.47134536610343053, 0.43703307392996105, 0.4637744683847345, 0.44737993487993477, 0.4387525252525253]}, "0.85": {"ndcg": [0.47913686021238927, 0.48876069289788315, 0.5061740077917191, 0.478104642510556, 0.46965262122583373, 0.49113212132419626, 0.4994943627072693, 0.47293666461341366, 0.5099472628665209, 0.4775229930785985, 0.46299834701630405, 0.4997448777254109, 0.4310444507437569, 0.4564357532290727, 0.4468350378712146, 0.4599921838325017, 0.5001433938835363, 0.5164458378904254, 0.4617215772809118, 0.46125240592759215], "precision": [0.09959514170040486, 0.102834008097166, 0.1097457627118644, 0.1008, 0.10121951219512194, 0.10040816326530613, 0.10675105485232066, 0.10840000000000001, 0.10672268907563025, 0.10202429149797572, 0.1015810276679842, 0.1088, 0.09882812500000002, 0.11164658634538153, 0.09521912350597608, 0.09999999999999999, 0.11596638655462185, 0.12085106382978726, 0.10379746835443039, 0.0976470588235294], "recall": [0.6842105263157895, 0.6842105263157895, 0.6998587570621468, 0.6853333333333332, 0.6707317073170732, 0.6884353741496599, 0.7046413502109705, 0.698, 0.6743697478991597, 0.6939946018893387, 0.6949934123847167, 0.7196666666666667, 0.6761067708333333, 0.7429718875502008, 0.6593625498007968, 0.6967592592592592, 0.7086834733893558, 0.7794326241134752, 0.6789732770745428, 0.6702614379084967], "map": [0.4005092860356018, 0.4156368485315854, 0.4284932405165456, 0.398510582010582, 0.39100045167118336, 0.4168407839326206, 0.41779016810662384, 0.38838650793650786, 0.44220688275310116, 0.39673087633613946, 0.3754624401363532, 0.41690158730158733, 0.3399538070436508, 0.35172037355772295, 0.3668144880794283, 0.37338540354413374, 0.4166800053354675, 0.4187653382866149, 0.3761366173286005, 0.38485112563543933]}, "0.9": {"ndcg": [0.4401135259422954, 0.4802742365033573, 0.41239561595100854, 0.4190409221005602, 0.45274195930130495, 0.47197849561107935, 0.42421287568569993, 0.4468045724067912, 0.4377180377633144, 0.44213879001408013, 0.45341142844115845, 0.44528591684585433, 0.47653121727872844, 0.4727835976180863, 0.4664521343879084, 0.43968703762390865, 0.4549496462872208, 0.4313440762254158, 0.43174101858497116, 0.4196076705526219], "precision": [0.10439024390243902, 0.10465116279069768, 0.09406392694063925, 0.09537037037037034, 0.10471698113207549, 0.09777777777777778, 0.09634703196347033, 0.09769585253456219, 0.09764150943396224, 0.10187793427230048, 0.1004566210045662, 0.09117647058823528, 0.1269406392694064, 0.1004566210045662, 0.10046728971962617, 0.10138888888888888, 0.09955357142857142, 0.09571428571428572, 0.09951690821256039, 0.09633027522935778], "recall": [0.6979674796747967, 0.7511627906976744, 0.6666666666666666, 0.6913580246913581, 0.7028301886792453, 0.7288888888888889, 0.6986301369863014, 0.7511520737327189, 0.6894654088050315, 0.6948356807511737, 0.6971080669710806, 0.6883753501400559, 0.8875951293759513, 0.7077625570776256, 0.7149532710280374, 0.6921296296296297, 0.6986607142857143, 0.6865079365079365, 0.6847826086956522, 0.691131498470948], "map": [0.3450527487417731, 0.38361295681063123, 0.3188481191563383, 0.3230700690770135, 0.3601040730757712, 0.37908112874779537, 0.32806407189968834, 0.3434551239850779, 0.34312106918239, 0.3492678291974067, 0.3607043197796622, 0.3557523009203682, 0.3321535780725279, 0.3859516561571356, 0.37626464916184543, 0.34950525426219875, 0.36699174461451245, 0.33752399848828424, 0.34000460087416606, 0.32262632881898945]}, "0.95": {"ndcg": [0.4421734968292572, 0.42791424862732036, 0.46495821993830233, 0.42642488875864254, 0.46961270374077796, 0.4443844682465744, 0.4073556918566001, 0.3857810802016027, 0.4222313699942279, 0.4323825590322818, 0.43486431128251235, 0.46484643665039427, 0.4189032832226569, 0.4393683078767997, 0.439809936625112, 0.4203978760031219, 0.4653488652236933, 0.421863290635269, 0.42805521260290125, 0.4437875646664448], "precision": [0.09238578680203045, 0.09247311827956987, 0.10263157894736842, 0.10222222222222221, 0.10103092783505155, 0.09777777777777782, 0.09505494505494504, 0.0895604395604396, 0.09651162790697677, 0.09414893617021276, 0.09217877094972068, 0.10578034682080932, 0.09615384615384621, 0.10459770114942528, 0.09322916666666665, 0.09170984455958547, 0.09946524064171124, 0.09354838709677418, 0.09944751381215472, 0.09531249999999998], "recall": [0.7055837563451777, 0.7007168458781361, 0.8026315789473685, 0.7435185185185185, 0.7792096219931273, 0.7055555555555556, 0.6996336996336996, 0.6437728937728937, 0.6686046511627907, 0.6968085106382979, 0.6871508379888268, 0.7225433526011561, 0.6941391941391941, 0.7279693486590039, 0.7135416666666666, 0.6839378238341969, 0.7379679144385026, 0.6935483870967742, 0.6749539594843462, 0.751736111111111],