{"0.75": {"map": 0.8585858585858586, "ndcg": 0.8938941690003944, "precision": 0.18787878787878787, "recall": 0.9696969696969697}, "0.8": {"map": 0.634188034188034, "ndcg": 0.7347429962720932, "precision": 0.15846153846153846, "recall": 0.9846153846153847}, "0.85": {"map": 0.5309895833333333, "ndcg": 0.6539999866482341, "precision": 0.13749999999999993, "recall": 0.984375}, "0.9": {"map": 0.49613095238095234, "ndcg": 0.6257963116220819, "precision": 0.12678571428571428, "recall": 1.0}, "0.95": {"map": 0.4166666666666667, "ndcg": 0.5632781570604513, "precision": 0.11333333333333329, "recall": 1.0}}