{"0.75": [[0.15966101694915255, 0.16161616161616163, 0.1488135593220339, 0.1771331058020478, 0.1653198653198653, 0.15302013422818794, 0.15627118644067797, 0.16433566433566432, 0.15614617940199335, 0.16678082191780824, 0.15794701986754967, 0.16983606557377048, 0.17029702970297034, 0.16765676567656765, 0.1665551839464883, 0.17307692307692307, 0.16486486486486485, 0.17568493150684933, 0.16464646464646465, 0.16816608996539792], [0.8970621468926553, 0.9127384960718296, 0.8214689265536722, 0.9812286689419796, 0.9341189674523006, 0.865268456375839, 0.8816384180790962, 0.8942307692307693, 0.8921926910299004, 0.9329337899543377, 0.9034216335540838, 0.9710382513661201, 0.973872387238724, 0.960946094609461, 0.9317168338907471, 0.9446386946386945, 0.9198198198198198, 0.9756278538812785, 0.9217171717171717, 0.9247404844290658], [0.43822968940837354, 0.4108034618637014, 0.45223103540954374, 0.7123323307159833, 0.5068464822371861, 0.4783028091570003, 0.383219518839463, 0.3962734726855722, 0.4517224043775157, 0.4641839091677479, 0.42501027716505235, 0.4704172310814407, 0.5456947116853447, 0.432822209048396, 0.48853842797820624, 0.47907025940217995, 0.4579034973298289, 0.48633191073503584, 0.5531107133146261, 0.4513813151140735], [0.27860034974441755, 0.24155723905723903, 0.3224878934624697, 0.6140168752370118, 0.35714884738032887, 0.3419433791413657, 0.21526701641108423, 0.2281286075036075, 0.29921579743008314, 0.2997574200913242, 0.26374511633203684, 0.3006501864862521, 0.39621110325318243, 0.2559617886391814, 0.33279976464759076, 0.315951294076294, 0.2966519197769198, 0.31786110658114086, 0.41940556357223024, 0.28726259131103427]], "0.8": [[0.14798534798534801, 0.1444043321299639, 0.16872586872586873, 0.16153846153846158, 0.15752895752895751, 0.155, 0.16296296296296298, 0.1442804428044281, 0.1442857142857143, 0.14626334519572953, 0.15632183908045982, 0.148014440433213, 0.1553030303030303, 0.14344569288389517, 0.13272727272727278, 0.13527272727272732, 0.1609022556390978, 0.1483754512635379, 0.13321167883211685, 0.15666666666666668], [0.9072039072039072, 0.9006016847172081, 0.9909909909909909, 0.987057387057387, 0.938867438867439, 0.9735119047619049, 0.9962962962962963, 0.8877613776137762, 0.9208333333333335, 0.9311981020166075, 0.9224137931034483, 0.9362214199759328, 0.9346590909090909, 0.8681023720349564, 0.8362424242424242, 0.8506666666666667, 0.9514411027568922, 0.9193742478941036, 0.819647201946472, 0.9480246913580247], [0.4515026774262623, 0.43986220207090504, 0.5259684265314553, 0.503491610332588, 0.41913959339721124, 0.584253168834588, 0.5557411586084688, 0.41112362045371226, 0.505143930251084, 0.42077648586855987, 0.4464029614049163, 0.39961487743876617, 0.46905231420543997, 0.40003078218647303, 0.3722224586488512, 0.39081741519358065, 0.4722851177776284, 0.5122982938222321, 0.3896521384790468, 0.4487668888458819], [0.2938782778068492, 0.2827055756117128, 0.3635382831811403, 0.33815611857278527, 0.243010868010868, 0.44658352229780807, 0.3999968400940623, 0.2504409984576036, 0.3594555461073319, 0.25101736522999873, 0.28186107563502205, 0.22295928600080225, 0.3085803471220138, 0.24064790044190795, 0.21656899951899955, 0.23778905723905722, 0.306931589887417, 0.3677590109449315, 0.24333314023095048, 0.28192087987458353]], "0.85": [[0.14715447154471545, 0.13306772908366535, 0.13617021276595745, 0.1318367346938776, 0.14485596707818935, 0.13279352226720653, 0.14708333333333337, 0.15122950819672135, 0.14016393442622954, 0.14393305439330548, 0.14417670682730926, 0.1506122448979592, 0.14555984555984558, 0.13750000000000004, 0.14621848739495796, 0.13870967741935486, 0.13700787401574807, 0.14858299595141705, 0.15062240663900414, 0.1428], [0.9766260162601627, 0.896281540504648, 0.8636879432624114, 0.8884353741496598, 0.9585048010973937, 0.8906882591093117, 0.9444444444444444, 0.9904371584699454, 0.9193989071038252, 0.9222454672245468, 0.9578313253012049, 0.9761904761904763, 0.9987129987129988, 0.9284274193548387, 0.9201680672268907, 0.9220430107526881, 0.9356955380577429, 0.9858299595141701, 0.9807745504840941, 0.9513333333333333], [0.5368996331982729, 0.38177983816912114, 0.4171729011390371, 0.3726422360517031, 0.4310289878655635, 0.4391119501567811, 0.44264297762463667, 0.5360714166254065, 0.44786460304900033, 0.38697816873789964, 0.5437081464623912, 0.6132796758062161, 0.5721424299336285, 0.3737300030049704, 0.41393330108559545, 0.4279564282925579, 0.4814889855823881, 0.5014974779548528, 0.5529975046652743, 0.41943386340154165], [0.38524527358368826, 0.21631268576487703, 0.26373187549251376, 0.20561426951733075, 0.25666995993642083, 0.28721710794079214, 0.2751909722222223, 0.3762972720964524, 0.2890927226992801, 0.21194889973655662, 0.3996055651176133, 0.48338435374149663, 0.42161523768666626, 0.19536994367639526, 0.24449668756391443, 0.26302643369175627, 0.32641141211515223, 0.33545415354625885, 0.4026161386638565, 0.24486468253968252]], "0.9": [[0.13899082568807342, 0.14238095238095239, 0.13424657534246578, 0.13457943925233648, 0.13177570093457946, 0.13657407407407407, 0.12307692307692308, 0.13915094339622644, 0.1377358490566038, 0.13607305936073058, 0.1344186046511628, 0.13504672897196263, 0.13480176211453745, 0.13820754716981135, 0.13317972350230417, 0.11858407079646019, 0.1315068493150685, 0.13918918918918918, 0.13055555555555556, 0.13273542600896862], [0.9908256880733946, 0.9698412698412698, 0.9619482496194824, 0.9707943925233645, 0.9217289719626168, 0.9467592592592593, 0.8974358974358974, 0.9724842767295597, 0.9457547169811321, 0.9680365296803652, 0.9387596899224807, 0.9373052959501557, 0.9801762114537445, 0.9882075471698113, 0.9508448540706604, 0.862094395280236, 0.9512937595129375, 0.9977477477477478, 0.9189814814814815, 0.9461883408071748], [0.48538956064609295, 0.5021197302019099, 0.49561454687969436, 0.4218957654643511, 0.5213306296294896, 0.40593836426035773, 0.41833184493205283, 0.43702693099132517, 0.43500165990687756, 0.4433197129102832, 0.5265520978521477, 0.4169254768440791, 0.5673943082769374, 0.5250054568305242, 0.46799749163231424, 0.3913556559076071, 0.4212504612789718, 0.5687921509545382, 0.4244144306890658, 0.4981924282350984], [0.3164025411387797, 0.3444658604182414, 0.33809342610712473, 0.24307317163625575, 0.38443449290411913, 0.23020772094846167, 0.2610141492494434, 0.2599835280023959, 0.2670477375960867, 0.2725175762846995, 0.38709363848898737, 0.24642115413143453, 0.42429812600517447, 0.3659787735849057, 0.3050081681418087, 0.23785292878213232, 0.2500712715324587, 0.41813003479670147, 0.2603480795610425, 0.34848951289534247]],