{"0.75": {"map": [0.8310606060606059, 0.8257575757575757, 0.8573232323232323, 0.8465909090909091, 0.821969696969697, 0.8207070707070706, 0.8426767676767676, 0.8320707070707071, 0.8232323232323232, 0.8459595959595959, 0.837121212121212, 0.8446969696969697, 0.8560606060606061, 0.8212121212121212, 0.83510101010101, 0.8005050505050504, 0.8338383838383838, 0.7833333333333332, 0.8166666666666667, 0.8244949494949494], "ndcgs": [0.8310606060606059, 0.8257575757575757, 0.8573232323232323, 0.8465909090909091, 0.821969696969697, 0.8207070707070706, 0.8426767676767676, 0.8320707070707071, 0.8232323232323232, 0.8459595959595959, 0.837121212121212, 0.8446969696969697, 0.8560606060606061, 0.8212121212121212, 0.83510101010101, 0.8005050505050504, 0.8338383838383838, 0.7833333333333332, 0.8166666666666667, 0.8244949494949494], "precisions": [0.8310606060606059, 0.8257575757575757, 0.8573232323232323, 0.8465909090909091, 0.821969696969697, 0.8207070707070706, 0.8426767676767676, 0.8320707070707071, 0.8232323232323232, 0.8459595959595959, 0.837121212121212, 0.8446969696969697, 0.8560606060606061, 0.8212121212121212, 0.83510101010101, 0.8005050505050504, 0.8338383838383838, 0.7833333333333332, 0.8166666666666667, 0.8244949494949494], "recalls": [0.8310606060606059, 0.8257575757575757, 0.8573232323232323, 0.8465909090909091, 0.821969696969697, 0.8207070707070706, 0.8426767676767676, 0.8320707070707071, 0.8232323232323232, 0.8459595959595959, 0.837121212121212, 0.8446969696969697, 0.8560606060606061, 0.8212121212121212, 0.83510101010101, 0.8005050505050504, 0.8338383838383838, 0.7833333333333332, 0.8166666666666667, 0.8244949494949494]}, "0.8": {"map": [0.6538461538461539, 0.7011538461538461, 0.6458974358974358, 0.7073260073260074, 0.6705128205128205, 0.7082051282051282, 0.6499999999999999, 0.6799999999999999, 0.6351282051282051, 0.6457264957264959, 0.642051282051282, 0.6274358974358976, 0.6107692307692307, 0.6817948717948717, 0.6666666666666666, 0.6998717948717947, 0.623223443223443, 0.6743589743589744, 0.6082051282051282, 0.612051282051282], "ndcgs": [0.6538461538461539, 0.7011538461538461, 0.6458974358974358, 0.7073260073260074, 0.6705128205128205, 0.7082051282051282, 0.6499999999999999, 0.6799999999999999, 0.6351282051282051, 0.6457264957264959, 0.642051282051282, 0.6274358974358976, 0.6107692307692307, 0.6817948717948717, 0.6666666666666666, 0.6998717948717947, 0.623223443223443, 0.6743589743589744, 0.6082051282051282, 0.612051282051282], "precisions": [0.6538461538461539, 0.7011538461538461, 0.6458974358974358, 0.7073260073260074, 0.6705128205128205, 0.7082051282051282, 0.6499999999999999, 0.6799999999999999, 0.6351282051282051, 0.6457264957264959, 0.642051282051282, 0.6274358974358976, 0.6107692307692307, 0.6817948717948717, 0.6666666666666666, 0.6998717948717947, 0.623223443223443, 0.6743589743589744, 0.6082051282051282, 0.612051282051282], "recalls": [0.6538461538461539, 0.7011538461538461, 0.6458974358974358, 0.7073260073260074, 0.6705128205128205, 0.7082051282051282, 0.6499999999999999, 0.6799999999999999, 0.6351282051282051, 0.6457264957264959, 0.642051282051282, 0.6274358974358976, 0.6107692307692307, 0.6817948717948717, 0.6666666666666666, 0.6998717948717947, 0.623223443223443, 0.6743589743589744, 0.6082051282051282, 0.612051282051282]}, "0.85": {"map": [0.5881696428571429, 0.5613839285714286, 0.6091145833333335, 0.5658854166666668, 0.5403645833333334, 0.5570498511904762, 0.5716145833333334, 0.5453125, 0.4913194444444444, 0.6000000000000001, 0.5882068452380953, 0.53671875, 0.6218750000000001, 0.6023437500000001, 0.5759548611111113, 0.5638020833333334, 0.5713541666666668, 0.51875, 0.529470486111111, 0.5638020833333335], "ndcgs": [0.5881696428571429, 0.5613839285714286, 0.6091145833333335, 0.5658854166666668, 0.5403645833333334, 0.5570498511904762, 0.5716145833333334, 0.5453125, 0.4913194444444444, 0.6000000000000001, 0.5882068452380953, 0.53671875, 0.6218750000000001, 0.6023437500000001, 0.5759548611111113, 0.5638020833333334, 0.5713541666666668, 0.51875, 0.529470486111111, 0.5638020833333335], "precisions": [0.5881696428571429, 0.5613839285714286, 0.6091145833333335, 0.5658854166666668, 0.5403645833333334, 0.5570498511904762, 0.5716145833333334, 0.5453125, 0.4913194444444444, 0.6000000000000001, 0.5882068452380953, 0.53671875, 0.6218750000000001, 0.6023437500000001, 0.5759548611111113, 0.5638020833333334, 0.5713541666666668, 0.51875, 0.529470486111111, 0.5638020833333335], "recalls": [0.5881696428571429, 0.5613839285714286, 0.6091145833333335, 0.5658854166666668, 0.5403645833333334, 0.5570498511904762, 0.5716145833333334, 0.5453125, 0.4913194444444444, 0.6000000000000001, 0.5882068452380953, 0.53671875, 0.6218750000000001, 0.6023437500000001, 0.5759548611111113, 0.5638020833333334, 0.5713541666666668, 0.51875, 0.529470486111111, 0.5638020833333335]}, "0.9": {"map": [0.4880952380952381, 0.5226190476190475, 0.5443452380952382, 0.49494047619047615, 0.5291666666666666, 0.501360544217687, 0.5192460317460318, 0.4845238095238095, 0.5508928571428572, 0.5380952380952381, 0.5104166666666666, 0.5657738095238095, 0.5342261904761904, 0.5249007936507937, 0.5476190476190476, 0.5160714285714285, 0.5619047619047619, 0.5273809523809524, 0.5645833333333333, 0.5172619047619047], "ndcgs": [0.4880952380952381, 0.5226190476190475, 0.5443452380952382, 0.49494047619047615, 0.5291666666666666, 0.501360544217687, 0.5192460317460318, 0.4845238095238095, 0.5508928571428572, 0.5380952380952381, 0.5104166666666666, 0.5657738095238095, 0.5342261904761904, 0.5249007936507937, 0.5476190476190476, 0.5160714285714285, 0.5619047619047619, 0.5273809523809524, 0.5645833333333333, 0.5172619047619047], "precisions": [0.4880952380952381, 0.5226190476190475, 0.5443452380952382, 0.49494047619047615, 0.5291666666666666, 0.501360544217687, 0.5192460317460318, 0.4845238095238095, 0.5508928571428572, 0.5380952380952381, 0.5104166666666666, 0.5657738095238095, 0.5342261904761904, 0.5249007936507937, 0.5476190476190476, 0.5160714285714285, 0.5619047619047619, 0.5273809523809524, 0.5645833333333333, 0.5172619047619047], "recalls": [0.4880952380952381, 0.5226190476190475, 0.5443452380952382, 0.49494047619047615, 0.5291666666666666, 0.501360544217687, 0.5192460317460318, 0.4845238095238095, 0.5508928571428572, 0.5380952380952381, 0.5104166666666666, 0.5657738095238095, 0.5342261904761904, 0.5249007936507937, 0.5476190476190476, 0.5160714285714285, 0.5619047619047619, 0.5273809523809524, 0.5645833333333333, 0.5172619047619047]}, "0.95": {"map": [0.5113475177304964, 0.4166666666666666, 0.41407407407407404, 0.5040740740740741, 0.408148148148148, 0.4679894179894179, 0.5433333333333333, 0.4770370370370371, 0.44314814814814807, 0.4585185185185185, 0.4133333333333333, 0.48095238095238096, 0.537037037037037, 0.4744444444444444, 0.45873015873015865, 0.47259259259259256, 0.49037037037037035, 0.4877777777777777, 0.4640740740740741, 0.41611111111111104], "ndcgs": [0.5113475177304964, 0.4166666666666666, 0.41407407407407404, 0.5040740740740741, 0.408148148148148, 0.4679894179894179, 0.5433333333333333, 0.4770370370370371, 0.44314814814814807, 0.4585185185185185, 0.4133333333333333, 0.48095238095238096, 0.537037037037037, 0.4744444444444444, 0.45873015873015865, 0.47259259259259256, 0.49037037037037035, 0.4877777777777777, 0.4640740740740741, 0.41611111111111104], "precisions": [0.5113475177304964, 0.4166666666666666, 0.41407407407407404, 0.5040740740740741, 0.408148148148148, 0.4679894179894179, 0.5433333333333333, 0.4770370370370371, 0.44314814814814807, 0.4585185185185185, 0.4133333333333333, 0.48095238095238096, 0.537037037037037, 0.4744444444444444, 0.45873015873015865, 0.47259259259259256, 0.49037037037037035, 0.4877777777777777, 0.4640740740740741, 0.41611111111111104],