{"0.75": {"map": [0.8459595959595959, 0.8383838383838383, 0.8259018759018758, 0.8396464646464645, 0.8443181818181817, 0.8207070707070707, 0.8313131313131313, 0.8068181818181818, 0.817550505050505, 0.8207070707070707, 0.7944624819624818, 0.8161616161616161, 0.8414141414141414, 0.8585858585858586, 0.8457070707070706, 0.8527777777777776, 0.8421717171717171, 0.8573232323232323, 0.8426767676767676, 0.8212121212121211], "ndcgs": [0.8870132348778029, 0.8818728173030028, 0.8752105182069747, 0.8850703164857862, 0.8906547283468212, 0.8700131048517974, 0.8835393071277289, 0.8590377510824313, 0.8683812978282474, 0.8666400320397608, 0.8495725162889662, 0.8675604275982771, 0.8879375413483911, 0.8985074802317641, 0.8924165993401718, 0.8952356514258287, 0.886048978685152, 0.901332118730495, 0.8864418215596294, 0.8762464722672282], "precisions": [0.18939393939393936, 0.18939393939393936, 0.18939393939393936, 0.18939393939393936, 0.18939393939393936, 0.18939393939393936, 0.18939393939393936, 0.18939393939393936, 0.18939393939393936, 0.18787878787878787, 0.18636363636363634, 0.18939393939393936, 0.18939393939393936, 0.18939393939393936, 0.18939393939393936, 0.18939393939393936, 0.18939393939393936, 0.18939393939393936, 0.18939393939393936, 0.18939393939393936], "recalls": [0.9696969696969697, 0.9848484848484849, 0.9848484848484849, 0.9848484848484849, 0.9848484848484849, 0.9848484848484849, 0.9848484848484849, 0.9848484848484849, 0.9848484848484849, 0.9696969696969697, 0.9696969696969697, 0.9848484848484849, 0.9848484848484849, 0.9848484848484849, 0.9848484848484849, 0.9848484848484849, 0.9848484848484849, 0.9848484848484849, 0.9848484848484849, 0.9848484848484849]}, "0.8": {"map": [0.6941919191919191, 0.6444871794871796, 0.7103632478632478, 0.6824358974358975, 0.7217948717948719, 0.7141025641025641, 0.6891025641025642, 0.7112820512820512, 0.6599999999999999, 0.6357264957264958, 0.6133333333333333, 0.7343589743589743, 0.660915750915751, 0.6384615384615384, 0.6428205128205128, 0.6961538461538461, 0.691025641025641, 0.6403846153846153, 0.6864102564102563, 0.6301251526251526], "ndcgs": [0.7809448262557007, 0.7348938777358557, 0.7894180251895767, 0.7640764885847329, 0.7915501711904266, 0.7931314086859166, 0.7687466144896351, 0.7857431612005712, 0.7511085083463381, 0.7334135624430552, 0.7128016114557255, 0.808270243155015, 0.7498156320775052, 0.7365684018860521, 0.7375188685015047, 0.7717087181873941, 0.7779744400658243, 0.7357897403145599, 0.770909197883573, 0.730777199452773], "precisions": [0.1636363636363636, 0.15692307692307686, 0.15846153846153846, 0.15846153846153846, 0.15692307692307686, 0.15846153846153846, 0.15692307692307686, 0.15692307692307686, 0.15846153846153846, 0.15846153846153846, 0.15846153846153846, 0.15846153846153846, 0.15692307692307686, 0.15846153846153846, 0.15846153846153846, 0.15538461538461532, 0.15846153846153846, 0.15846153846153846, 0.15846153846153846, 0.15692307692307692], "recalls": [0.9848484848484849, 0.9692307692307692, 0.9846153846153847, 0.9846153846153847, 0.9692307692307692, 0.9846153846153847, 0.9692307692307692, 0.9692307692307692, 0.9846153846153847, 0.9846153846153847, 0.9846153846153847, 0.9846153846153847, 0.9692307692307692, 0.9846153846153847, 0.9846153846153847, 0.9538461538461539, 0.9846153846153847, 0.9846153846153847, 0.9846153846153847, 0.9769230769230769]}, "0.85": {"map": [0.5252991452991453, 0.5690104166666667, 0.5708333333333333, 0.5212673611111112, 0.5479166666666667, 0.6526041666666667, 0.59921875, 0.5861979166666668, 0.5718750000000001, 0.5688988095238098, 0.6020833333333334, 0.5006944444444444, 0.5340029761904761, 0.5255208333333333, 0.5505208333333333, 0.4919270833333333, 0.6067708333333334, 0.6105654761904763, 0.5338541666666667, 0.5768229166666666], "ndcgs": [0.6384931110157192, 0.6783028133868072, 0.6775712165488669, 0.6435258312958391, 0.6631241307519893, 0.7378733610825552, 0.7010808755559156, 0.6919408219121848, 0.6824176978441185, 0.6749536659706858, 0.7001256953413277, 0.6261594058708132, 0.6525722399881109, 0.6460418044431497, 0.6640753434623866, 0.6214656074990473, 0.7044720739959037, 0.704390447811093, 0.6485438324118132, 0.6815850764079453], "precisions": [0.1338461538461538, 0.13749999999999993, 0.13749999999999993, 0.13749999999999993, 0.13749999999999993, 0.13593749999999996, 0.13749999999999993, 0.13749999999999993, 0.13749999999999993, 0.13749999999999993, 0.13749999999999993, 0.13437499999999997, 0.13749999999999993, 0.13749999999999993, 0.13749999999999993, 0.13593749999999996, 0.13593749999999996, 0.13437499999999997, 0.13593749999999996, 0.13749999999999993], "recalls": [0.9692307692307692, 0.984375, 0.984375, 0.984375, 0.984375, 0.96875, 0.984375, 0.984375, 0.984375, 0.984375, 0.984375, 0.96875, 0.984375, 0.984375, 0.984375, 0.96875, 0.96875, 0.953125, 0.96875, 0.984375]}, "0.9": {"map": [0.482610544217687, 0.5446428571428571, 0.5437499999999998, 0.5339285714285714, 0.49553571428571425, 0.5205357142857142, 0.49017857142857135, 0.5083333333333333, 0.49449404761904764, 0.5528486394557822, 0.45304705215419494, 0.5168367346938775, 0.5729166666666666, 0.4845238095238095, 0.5174603174603175, 0.5350198412698413, 0.5455357142857143, 0.5455357142857143, 0.5535714285714286, 0.5242559523809522], "ndcgs": [0.6084431675607063, 0.6545653328886741, 0.6568002324392184, 0.6528097079093065, 0.6206359759025506, 0.6377309725944951, 0.6066026282538883, 0.6299904494898577, 0.6255550589446617, 0.6580680605310248, 0.5792601269216572, 0.6330748027885881, 0.6795802013263403, 0.6182877810023995, 0.6425641548776545, 0.6564512063954059, 0.6644279027609379, 0.6598524798035087, 0.6690645382036996, 0.6358941951591603], "precisions": [0.125, 0.12321428571428569, 0.12499999999999999, 0.12678571428571428, 0.12499999999999999, 0.12321428571428569, 0.12142857142857141, 0.12499999999999999, 0.12678571428571428, 0.12321428571428569, 0.12142857142857141, 0.12321428571428569, 0.12499999999999999, 0.12678571428571428, 0.12678571428571428, 0.12678571428571428, 0.12678571428571428, 0.12499999999999999, 0.12678571428571428, 0.12142857142857141], "recalls": [0.9821428571428571, 0.9642857142857143, 0.9821428571428571, 1.0, 0.9821428571428571, 0.9642857142857143, 0.9464285714285714, 0.9821428571428571, 1.0, 0.9642857142857143, 0.9464285714285714, 0.9642857142857143, 0.9821428571428571, 1.0, 1.0, 1.0, 1.0, 0.9821428571428571, 1.0, 0.9553571428571429]}, "0.95": {"map": [0.5599999999999999, 0.37555555555555553, 0.45259259259259255, 0.4448148148148148, 0.47259259259259256, 0.5251851851851852, 0.4233333333333333, 0.4951851851851851, 0.437989417989418, 0.4694708994708995, 0.4762962962962962, 0.4585185185185185, 0.49370370370370364, 0.5077777777777778, 0.502962962962963, 0.5077777777777778, 0.44518518518518513, 0.4507407407407407, 0.5526455026455026, 0.5144444444444444], "ndcgs": [0.6711082048835268, 0.5195598462939139, 0.5890312188085906, 0.583617852291087, 0.6005661844702602, 0.6428886012357525, 0.5664202066394397, 0.6220357136358037, 0.5682003994823888, 0.6003507089546962, 0.6066797963666231, 0.5925628871037706, 0.6188938761605185, 0.6307041219615497, 0.6270591405606967, 0.6207740368802949, 0.5838744030086827, 0.5865825553097068, 0.665503403025328, 0.6337411002024117], "precisions": [0.11333333333333329, 0.10888888888888885, 0.11333333333333329, 0.11333333333333329, 0.11111111111111109, 0.11333333333333329, 0.11333333333333329, 0.11333333333333329, 0.11111111111111108, 0.11333333333333329, 0.11333333333333329, 0.11333333333333329, 0.11333333333333329, 0.11333333333333329, 0.11333333333333329, 0.10888888888888885, 0.11333333333333329, 0.11333333333333329, 0.11333333333333329, 0.11333333333333329], "recalls": [1.0, 0.9555555555555556, 1.0, 1.0, 0.9777777777777777, 1.0, 1.0, 1.0, 0.9777777777777777, 1.0, 1.0, 1.0, 1.0, 1.0, 1.0, 0.9555555555555556, 1.0, 1.0, 1.0, 1.0]}}